,Date,DOY,U,Ta,RH min,ETo,hc,growth_stage,Rz,TAW,MAD,RAW,dMAD,Kcb_daily,Kcmax,TEW,REW,fc,few,Precip,Irr,Di_start,Kr,Ke,fewKcmax,Ks,Kco,KeETo,ETa,DP,Di_end,irrigate
0,2005-05-15,135,1.22,32.91,34.28,4.84,0.02,ini,0.15,13.590000000000003,0.5,6.795000000000002,6.795000000000002,0.15,1.204184795972684,12,7,0.0,1.0,0.0,0.0,0.0,1.0,1.054184795972684,1.204184795972684,1.0,1.204184795972684,5.10225441250779,5.82825441250779,0.0,5.82825441250779,not yet
1,2005-05-16,136,1.19,35.88,35.35,5.35,0.03,ini,0.16,14.496000000000004,0.5,7.248000000000002,7.248000000000002,0.15,1.2022213814238563,12,7,0.0,1.0,0.0,18.7,5.82825441250779,1.0,1.0522213814238564,1.2022213814238563,1.0,1.2022213814238563,5.6293843906176315,6.431884390617631,6.439861196874578,0.0,not yet
2,2005-05-17,137,1.06,35.97,39.8,5.35,0.04,ini,0.16999999999999998,15.402000000000003,0.5,7.701000000000001,7.701000000000001,0.15,1.1939807729160026,12,7,0.0,1.0,0.0,0.0,0.0,1.0,1.0439807729160027,1.1939807729160026,1.0,1.1939807729160026,5.585297135100614,6.387797135100613,0.0,6.387797135100613,not yet
3,2005-05-18,138,1.65,35.21,42.21,5.35,0.05,ini,0.18,16.308000000000003,0.5,8.154000000000002,8.154000000000002,0.15,1.1989824639929432,12,7,0.0,1.0,0.0,10.1,6.387797135100613,1.0,1.0489824639929433,1.1989824639929432,1.0,1.1989824639929432,5.612056182362246,6.4145561823622455,0.0,2.70235331746286,not yet
4,2005-05-19,139,1.71,30.63,58.68,4.33,0.07,ini,0.19,17.214000000000006,0.5,8.607000000000003,8.607000000000003,0.15,1.176238384511267,12,7,0.0,1.0,0.0,19.3,2.70235331746286,1.0,1.026238384511267,1.176238384511267,1.0,1.176238384511267,4.443612204933786,5.093112204933786,11.504534477603354,0.0,not yet
5,2005-05-20,140,1.52,24.28,77.38,3.83,0.08,ini,0.19999999999999998,18.120000000000005,0.5,9.060000000000002,9.060000000000002,0.15,1.146715508813565,12,7,0.0,1.0,0.0,0.0,0.0,1.0,0.996715508813565,1.146715508813565,1.0,1.146715508813565,3.817420398755954,4.391920398755954,0.0,4.391920398755954,not yet
6,2005-05-21,141,0.97,19.73,97.86,2.81,0.09,ini,0.21,19.026000000000003,0.5,9.513000000000002,9.513000000000002,0.15,1.1094822898511234,12,7,0.0,1.0,0.0,0.0,4.391920398755954,1.0,0.9594822898511234,1.1094822898511234,1.0,1.1094822898511234,2.6961452344816568,3.1176452344816568,0.0,7.509565633237611,not yet
7,2005-05-22,142,0.93,20.17,97.31,1.03,0.1,ini,0.21999999999999997,19.932000000000002,0.5,9.966000000000001,9.966000000000001,0.15,1.1096972622469803,12,7,0.0,1.0,0.0,0.0,7.509565633237611,0.8980868733524778,0.8618915136163234,1.1096972622469803,1.0,1.0118915136163233,0.8877482590248131,1.042248259024813,0.0,8.551813892262423,not yet
8,2005-05-23,143,1.09,23.63,74.55,2.81,0.1,ini,0.22999999999999998,20.838000000000005,0.5,10.419000000000002,10.419000000000002,0.15,1.144608779334166,12,7,0.0,1.0,0.0,23.3,8.551813892262423,0.6896372215475154,0.68591923510678,1.144608779334166,1.0,0.83591923510678,1.9274330506500519,2.348933050650052,12.399253057087526,0.0,not yet
9,2005-05-24,144,1.49,21.13,75.96,3.32,0.1,ini,0.24,21.744000000000003,0.5,10.872000000000002,10.872000000000002,0.15,1.1483206360359643,12,7,0.0,1.0,0.0,0.0,0.0,1.0,0.9983206360359643,1.1483206360359643,1.0,1.1483206360359643,3.3144245116394013,3.8124245116394015,0.0,3.8124245116394015,not yet
10,2005-05-25,145,1.47,20.16,65.26,3.57,0.11,ini,0.25,22.650000000000006,0.5,11.325000000000003,11.325000000000003,0.15,1.1633687037459581,12,7,0.0,1.0,0.0,0.0,3.8124245116394015,1.0,1.0133687037459582,1.1633687037459581,1.0,1.1633687037459581,3.6177262723730705,4.15322627237307,0.0,7.965650784012471,not yet
11,2005-05-26,146,1.39,18.21,68.0,3.32,0.11,ini,0.26,23.556000000000008,0.5,11.778000000000004,11.778000000000004,0.15,1.1582953552037316,12,7,0.0,1.0,0.0,23.4,7.965650784012471,0.8068698431975058,0.8135631151500083,1.1582953552037316,1.0,0.9635631151500084,2.7010295422980275,3.1990295422980277,12.2353196736895,0.0,not yet
12,2005-05-27,147,1.3,16.76,86.69,2.3,0.11,ini,0.26999999999999996,24.462000000000003,0.5,12.231000000000002,12.231000000000002,0.15,1.1302199603048004,12,7,0.0,1.0,0.0,0.0,0.0,1.0,0.9802199603048004,1.1302199603048004,1.0,1.1302199603048004,2.2545059087010406,2.599505908701041,0.0,2.599505908701041,not yet
13,2005-05-28,148,1.34,20.11,74.49,2.81,0.11,ini,0.27999999999999997,25.368000000000002,0.5,12.684000000000001,12.684000000000001,0.15,1.1482776415567928,12,7,0.0,1.0,0.0,0.0,2.599505908701041,1.0,0.9982776415567928,1.1482776415567928,1.0,1.1482776415567928,2.805160172774588,3.226660172774588,0.0,5.826166081475629,not yet
14,2005-05-29,149,1.42,23.04,53.77,4.59,0.11,ini,0.2899999999999999,26.274,0.5,13.137,13.137,0.15,1.1791190146157515,12,7,0.0,1.0,0.0,23.5,5.826166081475629,1.0,1.0291190146157516,1.1791190146157515,1.0,1.1791190146157515,4.7236562770863,5.412156277086299,12.261677641438073,0.0,not yet
15,2005-05-30,150,1.16,26.19,42.32,4.84,0.12,ini,0.29999999999999993,27.18,0.5,13.59,13.59,0.15,1.1918023859713176,12,7,0.0,1.0,0.0,0.0,0.0,1.0,1.0418023859713177,1.1918023859713176,1.0,1.1918023859713176,5.042323548101177,5.768323548101177,0.0,5.768323548101177,not yet
16,2005-05-31,151,1.45,29.3,45.13,4.84,0.12,ini,0.30999999999999994,28.086000000000002,0.5,14.043000000000001,14.043000000000001,0.15,1.1919313694088318,12,7,0.0,1.0,0.0,19.9,5.768323548101177,1.0,1.041931369408832,1.1919313694088318,1.0,1.1919313694088318,5.042947827938746,5.768947827938746,8.362728623960075,0.0,not yet
17,2005-06-01,152,0.89,27.51,67.63,3.32,0.14,ini,0.31999999999999995,28.992000000000004,0.5,14.496000000000002,14.496000000000002,0.15,1.1516598739182773,12,7,0.0,1.0,0.0,18.6,0.0,1.0,1.0016598739182774,1.1516598739182773,1.0,1.1516598739182773,3.325510781408681,3.8235107814086806,14.77648921859132,0.0,not yet
18,2005-06-02,153,1.13,20.8,96.94,1.5,0.17,ini,0.32999999999999996,29.898000000000003,0.5,14.949000000000002,14.949000000000002,0.15,1.1130938261015217,12,7,0.0,1.0,18.16,0.0,0.0,1.0,0.9630938261015217,1.1130938261015217,1.0,1.1130938261015217,1.4446407391522826,1.6696407391522827,16.49035926084772,0.0,not yet
19,2005-06-03,154,0.92,24.0,66.21,4.3,0.18,ini,0.33999999999999997,30.804000000000006,0.5,15.402000000000003,15.402000000000003,0.15,1.1541248907241048,12,7,0.0,1.0,0.0,0.0,0.0,1.0,1.004124890724105,1.1541248907241048,1.0,1.1541248907241048,4.317737030113651,4.962737030113651,0.0,4.962737030113651,not yet
20,2005-06-04,155,2.07,23.4,80.65,3.8,0.19,dev,0.35,31.710000000000004,0.5,15.855000000000002,15.855000000000002,0.15,1.1191374432162413,12,7,0.0,1.0,11.05,0.0,4.962737030113651,1.0,0.9691374432162413,1.1191374432162413,1.0,1.1191374432162413,3.682722284221717,4.252722284221717,1.8345406856646331,0.0,not yet
21,2005-06-05,156,0.92,25.73,66.64,4.08,0.2,dev,0.36,32.61600000000001,0.5,16.308000000000003,16.308000000000003,0.17794117647058824,1.124944739855075,12,7,0.02009051902340944,0.9799094809765906,0.0,0.0,0.0,1.0,0.9470035633844867,1.1023440161587321,1.0,1.124944739855075,3.8637745386087055,4.589774538608705,0.0,4.589774538608705,not yet
22,2005-06-06,157,1.0,28.02,63.05,4.59,0.22,dev,0.37,33.522000000000006,0.5,16.761000000000003,16.761000000000003,0.20588235294117646,1.1351017248130348,12,7,0.041372417719836775,0.9586275822801632,0.0,0.0,4.589774538608705,1.0,0.9292193718718584,1.0881398220995628,1.0,1.1351017248130348,4.26511691689183,5.210116916891829,0.0,9.799891455500536,not yet
23,2005-06-07,158,1.2,28.02,60.66,4.84,0.24,dev,0.37999999999999995,34.428000000000004,0.5,17.214000000000002,17.214000000000002,0.2338235294117647,1.1452587097709948,12,7,0.06258662760181927,0.9374133723981808,0.0,0.0,9.799891455500536,0.4400217088998929,0.40105126561315046,1.0735808293948175,1.0,0.6348747950249152,1.9410881255676482,3.0727940079205895,0.0,12.872685463421124,not yet
24,2005-06-08,159,1.49,24.84,53.56,5.35,0.26,dev,0.38999999999999996,35.334,0.5,17.667,17.667,0.26176470588235295,1.1683953497663477,12,7,0.08234528696848621,0.9176547130315138,0.0,0.0,12.872685463421124,0.0,0.0,1.072183499397193,1.0,0.26176470588235295,0.0,1.4004411764705882,0.0,14.273126639891712,not yet
25,2005-06-09,160,1.04,22.38,66.16,4.08,0.27,dev,0.39999999999999997,36.24000000000001,0.5,18.120000000000005,18.120000000000005,0.28970588235294115,1.128831695374294,12,7,0.1097400286291877,0.8902599713708123,0.0,0.0,14.273126639891712,0.0,0.0,1.0049536728063846,1.0,0.28970588235294115,0.0,1.182,0.0,15.455126639891713,not yet
26,2005-06-10,161,1.11,23.4,65.53,4.08,0.29,dev,0.4099999999999999,37.146,0.5,18.573,18.573,0.3176470588235294,1.131908868493676,12,7,0.132133167403504,0.867866832596496,0.0,0.0,15.455126639891713,0.0,0.0,0.9823461644874903,1.0,0.3176470588235294,0.0,1.296,0.0,16.751126639891712,not yet
27,2005-06-11,162,1.1,25.51,64.89,4.33,0.31,dev,0.41999999999999993,38.052,0.5,19.026,19.026,0.34558823529411764,1.1331582470534252,12,7,0.15488907759996529,0.8451109224000347,0.0,0.0,16.751126639891712,0.0,0.0,0.9576444113925265,1.0,0.34558823529411764,0.0,1.4963970588235294,0.0,18.24752369871524,not yet
28,2005-06-12,163,1.06,24.32,80.55,3.32,0.33,dev,0.42999999999999994,38.958000000000006,0.5,19.479000000000003,19.479000000000003,0.3735294117647059,1.0960008032208883,12,7,0.18623499566034724,0.8137650043396527,5.61,12.9,18.24752369871524,0.0,0.0,0.891887098389309,1.0,0.3735294117647059,0.0,1.2401176470588235,0.0,0.9776413457740656,not yet
29,2005-06-13,164,0.63,17.34,95.0,0.52,0.34,dev,0.43999999999999995,39.864000000000004,0.5,19.932000000000002,19.932000000000002,0.40147058823529413,1.0526196032296014,12,7,0.22419682114430275,0.7758031788556973,11.43,0.0,0.9776413457740656,1.0,0.6511490149943072,0.8166256343113475,1.0,1.0526196032296014,0.33859748779703974,0.5473621936793928,9.904996460546542,0.0,not yet
30,2005-06-14,165,2.01,23.14,70.0,4.84,0.36,dev,0.44999999999999996,40.77,0.5,20.385,20.385,0.4294117647058824,1.142389766411571,12,7,0.22412156432327424,0.7758784356767258,0.0,0.0,0.0,1.0,0.7129780017056886,0.8863555848965098,1.0,1.142389766411571,3.450813528255533,5.5291664694320035,0.0,5.5291664694320035,not yet
31,2005-06-15,166,1.41,24.72,59.17,4.84,0.38,dev,0.45999999999999996,41.67600000000001,0.5,20.838000000000005,20.838000000000005,0.45735294117647063,1.1535647635293265,12,7,0.244596052239146,0.7554039477608541,0.0,0.0,5.5291664694320035,1.0,0.6962118223528558,0.8714073763678694,1.0,1.1535647635293265,3.369665220187822,5.58325345548194,0.0,11.112419924913944,not yet
32,2005-06-16,167,2.8,25.67,57.66,5.86,0.4,dev,0.47,42.58200000000001,0.5,21.291000000000004,21.291000000000004,0.4852941176470589,1.1892183257621654,12,7,0.25731373292672244,0.7426862670732776,0.0,0.0,11.112419924913944,0.17751601501721126,0.12495782029873978,0.8832161190954355,1.0,0.6102519379457987,0.7322528269506151,3.5760763563623805,0.0,14.688496281276324,not yet
33,2005-06-17,168,1.17,24.79,48.67,5.1,0.41,dev,0.48,43.48800000000001,0.5,21.744000000000003,21.744000000000003,0.5132352941176471,1.1723054419255625,12,7,0.2873967670060385,0.7126032329939616,0.0,12.9,14.688496281276324,0.0,0.0,0.8353886479725707,1.0,0.5132352941176471,0.0,2.6175,0.0,4.405996281276325,not yet
34,2005-06-18,169,1.26,25.89,48.78,4.59,0.43,dev,0.49,44.39400000000001,0.5,22.197000000000006,22.197000000000006,0.5411764705882353,1.1741332364851953,12,7,0.3105630333120497,0.6894369666879503,0.0,0.0,4.405996281276325,1.0,0.63295676589696,0.8094908570498589,1.0,1.1741332364851953,2.9052715554670465,5.3892715554670465,0.0,9.79526783674337,not yet
35,2005-06-19,170,1.68,25.73,44.25,5.86,0.45,dev,0.5,45.30000000000001,0.5,22.650000000000006,22.650000000000006,0.5691176470588236,1.1943315232011384,12,7,0.32680185338732815,0.6731981466126719,0.0,0.0,9.79526783674337,0.4409464326513259,0.27568582832906163,0.8040217678600957,1.0,0.8448034753878852,1.6155189540083013,4.950548365773008,0.0,14.745816202516378,not yet
36,2005-06-20,171,1.26,25.33,45.9,5.35,0.47,dev,0.5099999999999999,46.206,0.5,23.103,23.103,0.5970588235294118,1.180796588803857,12,7,0.3563951188110459,0.6436048811889541,0.0,15.1,14.745816202516378,0.0,0.0,0.7599664482454287,1.0,0.5970588235294118,0.0,3.1942647058823526,0.0,2.840080908398731,not yet
37,2005-06-21,172,1.1,26.71,46.44,5.35,0.48,dev,0.5199999999999999,47.112,0.5,23.556,23.556,0.6250000000000001,1.1758453478448514,12,7,0.3849094097325338,0.6150905902674662,0.0,0.0,2.840080908398731,1.0,0.5508453478448513,0.7232514090691438,1.0,1.1758453478448514,2.947022610969954,6.290772610969954,0.0,9.130853519368685,not yet
38,2005-06-22,173,1.07,28.38,41.97,5.6,0.5,dev,0.5299999999999999,48.01800000000001,0.5,24.009000000000004,24.009000000000004,0.6529411764705882,1.1854933267229135,12,7,0.4054733929252482,0.5945266070747518,0.0,0.0,9.130853519368685,0.573829296126263,0.3055940255298197,0.7048073252463339,1.0,0.9585352020004079,1.7113265429669902,5.367797131202284,0.0,14.49865065057097,not yet
39,2005-06-23,174,1.08,29.34,40.47,5.6,0.52,dev,0.5399999999999999,48.92400000000001,0.5,24.462000000000003,24.462000000000003,0.6808823529411765,1.1891951891221701,12,7,0.4290021450446539,0.570997854955346,0.0,12.9,14.49865065057097,0.0,0.0,0.6790279021119763,1.0,0.6808823529411765,0.0,3.8129411764705883,0.0,5.411591827041557,not yet
40,2005-06-24,175,1.22,32.44,36.2,5.77,0.54,dev,0.5499999999999999,49.830000000000005,0.5,24.915000000000003,24.915000000000003,0.7088235294117647,1.2023136639995353,12,7,0.4476251013370901,0.5523748986629099,0.0,0.0,5.411591827041557,1.0,0.4934901345877706,0.6641278883127752,1.0,1.2023136639995353,2.847438076571436,6.937349841277318,0.0,12.348941668318876,not yet
41,2005-06-25,176,1.1,35.48,36.59,5.77,0.55,dev,0.5599999999999999,50.736000000000004,0.5,25.368000000000002,25.368000000000002,0.7367647058823531,1.1986349382402741,12,7,0.4769749443473134,0.5230250556526865,0.0,0.0,12.348941668318876,0.0,0.0,0.6269161052803739,1.0,0.7367647058823531,0.0,4.251132352941177,0.0,16.600074021260053,not yet
42,2005-06-26,177,1.17,36.98,38.86,6.02,0.57,dev,0.57,51.64200000000001,0.5,25.821000000000005,25.821000000000005,0.7647058823529412,1.1950024857610038,12,7,0.5056753788914166,0.49432462110858344,0.0,0.0,16.600074021260053,0.0,0.0,0.5907191509976235,1.0,0.7647058823529412,0.0,4.603529411764706,0.0,21.20360343302476,not yet
43,2005-06-27,178,1.24,38.36,34.6,6.02,0.59,dev,0.58,52.54800000000001,0.5,26.274000000000004,26.274000000000004,0.7926470588235295,1.2064782591986989,12,7,0.5253212731349942,0.4746787268650058,0.0,12.9,21.20360343302476,0.0,0.0,0.5726895640667469,1.0,0.7926470588235295,0.0,4.771735294117647,0.0,13.075338727142407,not yet
44,2005-06-28,179,1.23,35.35,32.3,6.27,0.61,dev,0.59,53.45400000000001,0.5,26.727000000000004,26.727000000000004,0.8205882352941177,1.2115683199976766,12,7,0.5491145031855773,0.4508854968144227,0.0,16.7,13.075338727142407,0.0,0.0,0.5462785838867679,1.0,0.8205882352941177,0.0,5.145088235294118,0.0,1.5204269624365274,not yet
45,2005-06-29,180,0.9,20.2,93.0,1.0,0.62,dev,0.6,54.360000000000014,0.5,27.180000000000007,27.180000000000007,0.8485294117647059,1.0634938240274172,12,7,0.7036514657177012,0.2963485342822988,19.1,0.0,1.5204269624365274,1.0,0.21496441226271135,0.31516483596880207,1.0,1.0634938240274172,0.21496441226271135,1.0634938240274172,16.516079213536056,0.0,not yet
46,2005-06-30,181,1.25,35.0,35.41,5.5,0.64,dev,0.6099999999999999,55.266000000000005,0.5,27.633000000000003,27.633000000000003,0.8764705882352942,1.2048355577590288,12,7,0.6112289602972854,0.38877103970271465,0.0,17.5,0.0,1.0,0.3283649695237346,0.46840517246077773,1.0,1.2048355577590288,1.8060073323805403,6.626595567674658,10.87340443232534,0.0,not yet
47,2005-07-01,182,1.04,35.94,38.58,5.77,0.66,dev,0.6199999999999999,56.172000000000004,0.5,28.086000000000002,28.086000000000002,0.9044117647058825,1.1926425484814778,12,7,0.6502780600926232,0.34972193990737677,0.0,0.0,0.0,1.0,0.2882307837755953,0.41709326567102006,1.0,1.1926425484814778,1.6630916223851848,6.881547504738126,0.0,6.881547504738126,not yet
48,2005-07-02,183,1.18,36.21,37.19,6.02,0.68,dev,0.6299999999999999,57.078,0.5,28.539,28.539,0.9323529411764706,1.1990976710401813,12,7,0.6749417722843907,0.3250582277156093,0.0,0.0,6.881547504738126,1.0,0.2667447298637107,0.38977656380623604,1.0,1.1990976710401813,1.6058032737795382,7.2185679796618905,0.0,14.100115484400018,not yet
49,2005-07-03,184,1.05,36.72,40.96,6.02,0.69,dev,0.6399999999999999,57.98400000000001,0.5,28.992000000000004,28.992000000000004,0.9602941176470589,1.1873673945625371,12,7,0.7172904926319379,0.2827095073680621,0.0,0.0,14.100115484400018,0.0,0.0,0.3356800511816743,1.0,0.9602941176470589,0.0,5.780970588235294,0.0,19.881086072635313,not yet
50,2005-07-04,185,1.37,36.3,44.86,7.29,0.71,dev,0.6499999999999999,58.89000000000001,0.5,29.445000000000004,29.445000000000004,0.9882352941176472,1.1857478297628625,12,7,0.7507436013986741,0.24925639860132587,0.0,0.0,19.881086072635313,0.0,0.0,0.29555523369602915,1.0,0.9882352941176472,0.0,7.204235294117648,0.0,27.08532136675296,not yet
51,2005-07-05,186,1.01,33.73,53.92,6.53,0.73,dev,0.6599999999999999,59.79600000000001,0.5,29.898000000000003,29.898000000000003,1.0161764705882352,1.1564568435287457,12,7,0.8147367792635891,0.18526322073641088,0.0,16.7,27.08532136675296,0.0,0.0,0.214248919474799,1.0,1.0161764705882352,0.0,6.635632352941176,0.0,17.020953719694138,not yet
52,2005-07-06,187,1.44,29.0,55.32,6.53,0.75,dev,0.6699999999999999,60.702000000000005,0.5,30.351000000000003,30.351000000000003,1.0441176470588236,1.163166469127398,12,7,0.8420862093670676,0.15791379063293243,0.0,17.5,17.020953719694138,0.0,0.0,0.18368002627703117,1.0,1.0441176470588236,0.0,6.818088235294118,0.0,6.339041954988254,not yet
53,2005-07-07,188,1.09,29.92,37.15,6.78,0.76,dev,0.6799999999999999,61.60800000000001,0.5,30.804000000000006,30.804000000000006,1.0720588235294117,1.1971079200005807,12,7,0.8390323644712733,0.16096763552872673,0.0,0.0,6.339041954988254,1.0,0.12504909647116902,0.19269563135520562,1.0,1.1971079200005807,0.847832874074526,8.116391697603937,0.0,14.455433652592191,not yet
54,2005-07-08,189,1.3,33.39,32.2,7.29,0.78,dev,0.69,62.51400000000001,0.5,31.257000000000005,31.257000000000005,1.1,1.2134192511973048,12,7,0.8549023898728711,0.14509761012712885,0.0,0.0,14.455433652592191,0.0,0.0,0.17606423343097916,1.0,1.1,0.0,8.019,0.0,22.47443365259219,not yet
55,2005-07-09,190,0.97,36.16,32.6,6.53,0.8,mid,0.7,63.42000000000001,0.5,31.710000000000004,31.710000000000004,1.1,1.2056502791660302,12,7,0.862749971787711,0.13725002821228904,0.0,0.0,22.47443365259219,0.0,0.0,0.1654755348296918,1.0,1.1,0.0,7.183000000000001,0.0,29.65743365259219,not yet
56,2005-07-10,191,1.23,32.12,45.59,6.27,0.8,mid,0.7,63.42000000000001,0.5,31.710000000000004,31.710000000000004,1.1,1.177694850339814,12,7,0.8957837811312035,0.1042162188687965,0.0,22.3,29.65743365259219,0.0,0.0,0.1227349042836686,1.0,1.1,0.0,6.897,0.0,14.254433652592187,not yet
57,2005-07-11,192,1.08,33.09,33.52,6.78,0.8,mid,0.7,63.42000000000001,0.5,31.710000000000004,31.710000000000004,1.1,1.2061345888088328,12,7,0.8621961411167159,0.13780385888328406,0.0,24.0,14.254433652592187,0.0,0.0,0.16621000067046024,1.0,1.1,0.0,7.458000000000001,2.287566347407811,0.0,not yet
58,2005-07-12,193,1.76,27.31,59.98,5.77,0.8,mid,0.7,63.42000000000001,0.5,31.710000000000004,31.710000000000004,1.1,1.1532372133782833,12,7,0.9265054128852303,0.07349458711476975,0.0,0.0,0.0,1.0,0.053237213378283244,0.08475669284262455,1.0,1.1532372133782833,0.3071787211926943,6.654178721192694,0.0,6.654178721192694,not yet
59,2005-07-13,194,1.12,30.63,45.32,6.0,0.8,mid,0.7,63.42000000000001,0.5,31.710000000000004,31.710000000000004,1.1,1.1754616447646686,12,7,0.8985160884593212,0.10148391154067882,0.0,0.0,6.654178721192694,1.0,0.07546164476466855,0.11929044557675846,1.0,1.1754616447646686,0.45276986858801127,7.052769868588012,0.0,13.706948589780705,not yet
60,2005-07-14,195,1.21,32.9,34.94,6.78,0.8,mid,0.7,63.42000000000001,0.5,31.710000000000004,31.710000000000004,1.1,1.205811715713631,12,7,0.862565293817556,0.13743470618244402,0.0,0.0,13.706948589780705,0.0,0.0,0.1657203788604516,1.0,1.1,0.0,7.458000000000001,0.0,21.164948589780707,not yet
61,2005-07-15,196,1.13,32.94,39.62,6.53,0.8,mid,0.7,63.42000000000001,0.5,31.710000000000004,31.710000000000004,1.1,1.1910671776994188,12,7,0.8797166083309205,0.12028339166907953,0.0,0.0,21.164948589780707,0.0,0.0,0.14326559983940435,1.0,1.1,0.0,7.183000000000001,0.0,28.347948589780707,not yet
62,2005-07-16,197,1.0,33.51,36.39,6.27,0.8,mid,0.7,63.42000000000001,0.5,31.710000000000004,31.710000000000004,1.1,1.1962600533139134,12,7,0.873609897507553,0.12639010249244698,0.0,0.0,28.347948589780707,0.0,0.0,0.1511954307459656,1.0,1.1,0.0,6.897,0.0,35.244948589780705,not yet
63,2005-07-17,198,1.55,32.71,36.01,7.04,0.8,mid,0.7,63.42000000000001,0.5,31.710000000000004,31.710000000000004,1.1,1.212080834978798,12,7,0.8554456975743566,0.14455430242564338,0.0,33.1,35.244948589780705,0.0,0.0,0.1752114995838515,0.8885225925644686,0.9773748518209155,0.0,6.880718956819245,0.0,9.025667546599948,irrigate
64,2005-07-18,199,1.37,29.26,39.41,6.27,0.8,mid,0.7,63.42000000000001,0.5,31.710000000000004,31.710000000000004,1.1,1.1980896675200565,12,7,0.8714755999888908,0.1285244000111092,0.0,0.0,9.025667546599948,0.5948664906800104,0.05835025628962497,0.1539837556775246,1.0,1.158350256289625,0.36585610693594856,7.262856106935948,0.0,16.288523653535897,not yet
65,2005-07-19,200,1.06,32.3,38.96,6.27,0.8,mid,0.7,63.42000000000001,0.5,31.710000000000004,31.710000000000004,1.1,1.1909595533343516,12,7,0.8798439458997646,0.12015605410023544,0.0,0.0,16.288523653535897,0.0,0.0,0.14310100052163457,1.0,1.1,0.0,6.897,0.0,23.185523653535896,not yet
66,2005-07-20,201,1.14,35.07,36.5,6.53,0.8,mid,0.7,63.42000000000001,0.5,31.710000000000004,31.710000000000004,1.1,1.1997309390873319,12,7,0.8695686037031986,0.13043139629680145,0.0,0.0,23.185523653535896,0.0,0.0,0.15648258156563355,1.0,1.1,0.0,7.183000000000001,0.0,30.368523653535895,not yet
67,2005-07-21,202,1.12,37.99,37.44,6.78,0.8,mid,0.7,63.42000000000001,0.5,31.710000000000004,31.710000000000004,1.1,1.1966636446829155,12,7,0.8731383268051841,0.1268616731948159,0.0,0.0,30.368523653535895,0.0,0.0,0.1518107522158813,1.0,1.1,0.0,7.458000000000001,0.0,37.826523653535894,not yet
68,2005-07-22,203,1.05,38.42,41.92,6.27,0.8,mid,0.7,63.42000000000001,0.5,31.710000000000004,31.710000000000004,1.1,1.1827262894067077,12,7,0.8896797826153687,0.11032021738463127,0.0,0.0,37.826523653535894,0.0,0.0,0.13047862135386631,0.8071105754167175,0.8878216329583893,0.0,5.5666416386491,0.0,43.393165292184996,irrigate
69,2005-07-23,204,1.22,41.11,36.03,7.29,0.8,mid,0.7,63.42000000000001,0.5,31.710000000000004,31.710000000000004,1.1,1.2031480126782168,12,7,0.8656211712575959,0.13437882874240414,0.0,32.4,43.393165292184996,0.0,0.0,0.16167762074744998,0.6315621162981713,0.6947183279279885,0.0,5.064496610595036,0.0,16.057661902780033,irrigate
70,2005-07-24,205,1.34,38.81,35.71,7.29,0.8,mid,0.7,63.42000000000001,0.5,31.710000000000004,31.710000000000004,1.1,1.207237738550772,12,7,0.8609369105366248,0.1390630894633752,0.0,0.0,16.057661902780033,0.0,0.0,0.16788220963964876,1.0,1.1,0.0,8.019,0.0,24.07666190278003,not yet
71,2005-07-25,206,1.38,37.14,31.24,7.54,0.8,mid,0.7,63.42000000000001,0.5,31.710000000000004,31.710000000000004,1.1,1.2203410049977088,12,7,0.8462175309145359,0.1537824690854641,0.0,32.4,24.07666190278003,0.0,0.0,0.18766705287478436,1.0,1.1,0.0,8.294,0.02933809721996994,0.0,not yet
72,2005-07-26,207,1.29,36.34,35.73,7.04,0.8,mid,0.7,63.42000000000001,0.5,31.710000000000004,31.710000000000004,1.1,1.2058386218048978,12,7,0.8625345207444203,0.13746547925557973,0.0,0.0,0.0,1.0,0.10583862180489767,0.16576118405129803,1.0,1.2058386218048978,0.7451038975064797,8.48910389750648,0.0,8.48910389750648,not yet
73,2005-07-27,208,1.19,37.31,37.73,6.78,0.8,mid,0.7,63.42000000000001,0.5,31.710000000000004,31.710000000000004,1.1,1.1977667944248547,12,7,0.8718515908226092,0.1281484091773908,0.0,0.0,8.48910389750648,0.7021792204987041,0.06864981149990144,0.153491909271048,1.0,1.1686498114999015,0.4654457219693318,7.923445721969332,0.0,16.41254961947581,not yet
74,2005-07-28,209,1.37,31.22,49.24,4.59,0.8,mid,0.7,63.42000000000001,0.5,31.710000000000004,31.710000000000004,1.1,1.1716409798047815,12,7,0.9032238993503491,0.09677610064965092,0.0,19.5,16.41254961947581,0.0,0.0,0.11338684538684315,1.0,1.1,0.0,5.049,0.0,1.9615496194758109,not yet
75,2005-07-29,210,1.61,29.83,38.78,5.64,0.8,mid,0.7,63.42000000000001,0.5,31.710000000000004,31.710000000000004,1.1,1.2062422131739,12,7,0.8620731503972923,0.13792684960270774,0.0,0.0,1.9615496194758109,1.0,0.10624221317389981,0.1663731883208738,1.0,1.2062422131739,0.5992060823007949,6.803206082300795,0.0,8.764755701776606,not yet
76,2005-07-30,211,1.92,24.58,50.75,5.48,0.8,mid,0.7,63.42000000000001,0.5,31.710000000000004,31.710000000000004,1.1,1.182376510220239,12,7,0.8901018162186262,0.10989818378137384,0.0,0.0,8.764755701776606,0.6470488596446788,0.053301626999513844,0.12994103101896326,1.0,1.153301626999514,0.2920929159573359,6.320092915957337,0.0,15.084848617733943,not yet
77,2005-07-31,212,1.34,24.91,52.31,4.72,0.8,mid,0.7,63.42000000000001,0.5,31.710000000000004,31.710000000000004,1.1,1.1625736270478664,12,7,0.9145675560717443,0.08543244392825566,0.0,39.5,15.084848617733943,0.0,0.0,0.09932150620523565,1.0,1.1,0.0,5.192,19.223151382266057,0.0,not yet
78,2005-08-01,213,1.29,27.49,45.83,4.72,0.8,mid,0.7,63.42000000000001,0.5,31.710000000000004,31.710000000000004,1.1,1.1786634696254192,12,7,0.8946031092691651,0.10539689073083491,0.0,0.0,0.0,1.0,0.07866346962541915,0.12422746491653706,1.0,1.1786634696254192,0.37129157663197837,5.563291576631978,0.0,5.563291576631978,not yet
79,2005-08-02,214,1.19,29.52,41.67,4.97,0.8,mid,0.7,63.42000000000001,0.5,31.710000000000004,31.710000000000004,1.1,1.1871657944657312,12,7,0.8843528665196854,0.11564713348031463,0.0,0.0,5.563291576631978,1.0,0.08716579446573114,0.1372923210958422,1.0,1.1871657944657312,0.4332139984946837,5.900213998494684,0.0,11.463505575126662,not yet
80,2005-08-03,215,1.08,31.25,38.48,4.84,0.8,mid,0.7,63.42000000000001,0.5,31.710000000000004,31.710000000000004,1.1,1.1927891675404947,12,7,0.877683495894663,0.12231650410533701,0.0,0.0,11.463505575126662,0.10729888497466752,0.009956174214822684,0.14589780110826844,1.0,1.1099561742148227,0.048187883199741786,5.372187883199742,0.0,16.835693458326404,not yet
81,2005-08-04,216,1.3,31.72,31.12,5.48,0.8,mid,0.7,63.42000000000001,0.5,31.710000000000004,31.710000000000004,1.1,1.2185113907915657,12,7,0.8482467973574961,0.15175320264250391,0.0,0.0,16.835693458326404,0.0,0.0,0.18491300600899174,1.0,1.1,0.0,6.028000000000001,0.0,22.863693458326406,not yet
82,2005-08-05,217,1.28,32.34,34.52,5.73,0.8,mid,0.7,63.42000000000001,0.5,31.710000000000004,31.710000000000004,1.1,1.2088251979355138,12,7,0.8591303711498165,0.1408696288501835,0.0,0.0,22.863693458326406,0.0,0.0,0.17028675697792545,1.0,1.1,0.0,6.303000000000001,0.0,29.166693458326407,not yet
83,2005-08-06,218,1.14,34.32,36.07,5.35,0.8,mid,0.7,63.42000000000001,0.5,31.710000000000004,31.710000000000004,1.1,1.2008879010118048,12,7,0.8682286218918933,0.13177137810810668,0.0,0.0,29.166693458326407,0.0,0.0,0.15824265366967713,1.0,1.1,0.0,5.885,0.0,35.051693458326405,not yet
84,2005-08-07,219,1.23,36.77,36.37,5.73,0.8,mid,0.7,63.42000000000001,0.5,31.710000000000004,31.710000000000004,1.1,1.2025022664878133,12,7,0.8663647860143321,0.1336352139856679,0.0,0.0,35.051693458326405,0.0,0.0,0.16069664770034958,0.8946170464103942,0.9840787510514337,0.0,5.638771243524715,0.0,40.69046470185112,irrigate
85,2005-08-08,220,1.32,31.17,54.47,3.57,0.8,mid,0.7,63.42000000000001,0.5,31.710000000000004,31.710000000000004,1.1,1.1562237895088991,12,7,0.9226577503953002,0.07734224960469982,5.1,0.0,40.69046470185112,0.0,0.0,0.08942494892708919,0.7167939229942885,0.7884733152937173,0.0,2.8148497355985707,0.0,38.40531443744969,irrigate
86,2005-08-09,221,1.17,31.26,52.9,4.84,0.8,mid,0.7,63.42000000000001,0.5,31.710000000000004,31.710000000000004,1.1,1.156412132147767,12,7,0.9224160233734171,0.0775839766265829,0.0,44.8,38.40531443744969,0.0,0.0,0.08971905183124924,0.7888579489924413,0.8677437438916855,0.0,4.199879720435757,2.1948058421145475,0.0,irrigate
87,2005-08-10,222,1.21,31.75,47.34,4.08,0.8,mid,0.7,63.42000000000001,0.5,31.710000000000004,31.710000000000004,1.1,1.172448162542786,12,7,0.9022257731972634,0.09777422680273662,0.0,0.0,0.0,1.0,0.07244816254278597,0.11463521255891017,1.0,1.172448162542786,0.29558850317456675,4.783588503174567,0.0,4.783588503174567,not yet
88,2005-08-11,223,1.14,27.0,50.36,4.46,0.8,mid,0.7,63.42000000000001,0.5,31.710000000000004,31.710000000000004,1.1,1.1624390965915323,12,7,0.9147376963251967,0.08526230367480325,0.0,0.0,4.783588503174567,1.0,0.06243909659153224,0.09911223525705118,1.0,1.1624390965915323,0.2784783707982338,5.184478370798234,0.0,9.968066873972802,not yet
89,2005-08-12,224,1.23,29.28,43.37,4.72,0.8,mid,0.7,63.42000000000001,0.5,31.710000000000004,31.710000000000004,1.1,1.183668002601046,12,7,0.8885452416382488,0.11145475836175123,0.0,0.0,9.968066873972802,0.4063866252054396,0.03400155721471899,0.13192543121043632,1.0,1.134001557214719,0.16048735005347362,5.352487350053473,0.0,15.320554224026274,not yet
90,2005-08-13,225,1.2,31.19,38.46,4.46,0.8,mid,0.7,63.42000000000001,0.5,31.710000000000004,31.710000000000004,1.1,1.1960717106750456,12,7,0.8738301132758108,0.12616988672418916,0.0,0.0,15.320554224026274,0.0,0.0,0.15090823224987765,1.0,1.1,0.0,4.906000000000001,0.0,20.226554224026273,not yet
91,2005-08-14,226,1.12,34.33,34.31,4.72,0.8,mid,0.7,63.42000000000001,0.5,31.710000000000004,31.710000000000004,1.1,1.2050852512494272,12,7,0.8633968787882507,0.13660312121174933,0.0,0.0,20.226554224026273,0.0,0.0,0.1646184066469169,1.0,1.1,0.0,5.192,0.0,25.418554224026273,not yet
92,2005-08-15,227,1.2,31.79,42.16,4.84,0.8,mid,0.7,63.42000000000001,0.5,31.710000000000004,31.710000000000004,1.1,1.1861164569063258,12,7,0.8856070128459848,0.11439298715401525,0.0,0.0,25.418554224026273,0.0,0.0,0.13568340461805142,1.0,1.1,0.0,5.324,0.0,30.74255422402627,not yet
93,2005-08-16,228,1.21,29.07,46.85,4.46,0.8,mid,0.7,63.42000000000001,0.5,31.710000000000004,31.710000000000004,1.1,1.1737665610148598,12,7,0.9005995613668286,0.09940043863317138,0.0,0.0,30.74255422402627,0.0,0.0,0.11667291101782619,1.0,1.1,0.0,4.906000000000001,0.0,35.64855422402627,not yet
94,2005-08-17,229,1.0,30.94,45.78,3.95,0.8,mid,0.7,63.42000000000001,0.5,31.710000000000004,31.710000000000004,1.1,1.170995233614378,12,7,0.904023764029265,0.09597623597073501,0.0,0.0,35.64855422402627,0.0,0.0,0.11238771486197953,0.8757945687787365,0.9633740256566102,0.0,3.8053274013436105,0.0,39.45388162536988,irrigate
95,2005-08-18,230,1.14,32.1,38.51,4.84,0.8,mid,0.7,63.42000000000001,0.5,31.710000000000004,31.710000000000004,1.1,1.194322814742703,12,7,0.8758795269582296,0.12412047304177043,0.0,43.6,39.45388162536988,0.0,0.0,0.14823991273044304,0.7557905510763205,0.8313696061839526,0.0,4.023828893930331,0.1222894806997914,0.0,irrigate
96,2005-08-19,231,1.09,33.94,34.99,4.97,0.8,mid,0.7,63.42000000000001,0.5,31.710000000000004,31.710000000000004,1.1,1.2024484543052798,12,7,0.866426803340867,0.13357319665913303,0.0,0.0,0.0,1.0,0.10244845430527971,0.16061488385938968,1.0,1.2024484543052798,0.5091688178972401,5.97616881789724,0.0,5.97616881789724,not yet
97,2005-08-20,232,1.1,34.57,36.21,4.84,0.8,mid,0.7,63.42000000000001,0.5,31.710000000000004,31.710000000000004,1.1,1.199434972083397,12,7,0.8699119593105248,0.13008804068947522,0.0,0.0,5.97616881789724,1.0,0.09943497208339691,0.15603214545276453,1.0,1.199434972083397,0.481265264883641,5.805265264883642,0.0,11.781434082780882,not yet
98,2005-08-21,233,0.93,34.73,41.03,3.83,0.8,mid,0.7,63.42000000000001,0.5,31.710000000000004,31.710000000000004,1.1,1.1818922005774364,12,7,0.8906867372940552,0.10931326270594477,0.0,0.0,11.781434082780882,0.04371318344382367,0.003579768786459875,0.12919649261182847,1.0,1.10357976878646,0.013710514452141323,4.226710514452142,0.0,16.008144597233024,not yet
99,2005-08-22,234,1.08,33.88,39.91,4.72,0.8,mid,0.7,63.42000000000001,0.5,31.710000000000004,31.710000000000004,1.1,1.1889415964893408,12,7,0.8822373886013499,0.11776261139865007,0.0,0.0,16.008144597233024,0.0,0.0,0.14001286720306486,1.0,1.1,0.0,5.192,0.0,21.200144597233024,not yet
100,2005-08-23,235,1.52,30.33,40.37,4.97,0.8,mid,0.7,63.42000000000001,0.5,31.710000000000004,31.710000000000004,1.1,1.1995425964484643,12,7,0.8697870758389709,0.13021292416102914,0.0,0.0,21.200144597233024,0.0,0.0,0.15619594913926788,1.0,1.1,0.0,5.4670000000000005,0.0,26.667144597233026,not yet
101,2005-08-24,236,0.97,26.2,56.26,3.06,0.8,mid,0.7,63.42000000000001,0.5,31.710000000000004,31.710000000000004,1.1,1.1500000000000001,12,7,0.9307071437529182,0.06929285624708181,0.0,0.0,26.667144597233026,0.0,0.0,0.0796867846841441,1.0,1.1,0.0,3.3660000000000005,0.0,30.033144597233026,not yet
102,2005-08-25,237,1.09,30.28,44.17,4.21,0.8,mid,0.7,63.42000000000001,0.5,31.710000000000004,31.710000000000004,1.1,1.1777486625223477,12,7,0.8957181181843856,0.10428188181561437,18.9,0.0,30.033144597233026,0.0,0.0,0.12281784683365336,1.0,1.1,0.0,4.631,0.0,15.764144597233027,not yet
103,2005-08-26,238,1.05,32.77,38.29,4.33,0.8,mid,0.7,63.42000000000001,0.5,31.710000000000004,31.710000000000004,1.1,1.1924932005365598,12,7,0.878032363536856,0.12196763646314401,0.0,0.0,15.764144597233027,0.0,0.0,0.14544557716781423,1.0,1.1,0.0,4.763000000000001,0.0,20.52714459723303,not yet
104,2005-08-27,239,1.1,34.53,36.98,4.33,0.8,mid,0.7,63.42000000000001,0.5,31.710000000000004,31.710000000000004,1.1,1.1973632030558525,12,7,0.8723219705809424,0.1276780294190576,0.0,0.0,20.52714459723303,0.0,0.0,0.15287697426506217,1.0,1.1,0.0,4.763000000000001,0.0,25.29014459723303,not yet
105,2005-08-28,240,0.95,34.68,39.6,3.95,0.8,mid,0.7,63.42000000000001,0.5,31.710000000000004,31.710000000000004,1.1,1.1862778934539266,12,7,0.8854138688650748,0.11458613113492522,0.0,0.0,25.29014459723303,0.0,0.0,0.1359309942617745,1.0,1.1,0.0,4.345000000000001,0.0,29.63514459723303,not yet
106,2005-08-29,241,1.84,26.81,48.8,4.84,0.8,mid,0.7,63.42000000000001,0.5,31.710000000000004,31.710000000000004,1.1,1.1854707107159224,12,7,0.886380311534572,0.11361968846542803,0.0,0.0,29.63514459723303,0.0,0.0,0.13469281283643264,1.0,1.1,0.0,5.324,0.0,34.95914459723303,not yet
107,2005-08-30,242,1.65,23.02,51.06,3.7,0.8,mid,0.7,63.42000000000001,0.5,31.710000000000004,31.710000000000004,1.1,1.174277776748929,12,7,0.8999703408560342,0.10002965914396578,0.0,50.3,34.95914459723303,0.0,0.0,0.1174626057485293,0.8975356481478075,0.9872892129625883,0.0,3.652970087961577,11.687885314805392,0.0,irrigate
108,2005-08-31,243,1.31,23.98,48.29,3.32,0.8,mid,0.7,63.42000000000001,0.5,31.710000000000004,31.710000000000004,1.1,1.17258269299912,12,7,0.9020596026636656,0.09794039733633442,0.0,0.0,0.0,1.0,0.07258269299912001,0.11484321486204287,1.0,1.17258269299912,0.24097454075707844,3.8929745407570784,0.0,3.8929745407570784,not yet
109,2005-09-01,244,1.07,28.5,38.01,3.7,0.8,mid,0.7,63.42000000000001,0.5,31.710000000000004,31.710000000000004,1.1,1.1937846929173668,12,7,0.8765117740886916,0.12348822591130837,0.0,0.0,3.8929745407570784,1.0,0.09378469291736669,0.14741835384844168,1.0,1.1937846929173668,0.3470033637942568,4.417003363794257,0.0,8.309977904551335,not yet
110,2005-09-02,245,0.92,31.24,35.95,3.45,0.8,mid,0.7,63.42000000000001,0.5,31.710000000000004,31.710000000000004,1.1,1.195291434028308,12,7,0.8747434503417644,0.12525654965823563,0.0,0.0,8.309977904551335,0.738004419089733,0.07032549941428905,0.14971808086243044,1.0,1.170325499414289,0.24262297297929722,4.037622972979298,0.0,12.347600877530633,not yet
111,2005-09-03,246,1.0,31.0,40.49,3.32,0.8,mid,0.7,63.42000000000001,0.5,31.710000000000004,31.710000000000004,1.1,1.185228555894521,12,7,0.8866705970258547,0.11332940297414529,0.0,0.0,12.347600877530633,0.0,0.0,0.13432124462743444,1.0,1.1,0.0,3.652,0.0,15.999600877530632,not yet
112,2005-09-04,247,1.27,35.49,35.33,4.21,0.8,mid,0.7,63.42000000000001,0.5,31.710000000000004,31.710000000000004,1.1,1.206376743630234,12,7,0.8619194542870271,0.1380805457129729,0.0,0.0,15.999600877530632,0.0,0.0,0.1665771590959019,1.0,1.1,0.0,4.631,0.0,20.630600877530632,not yet
113,2005-09-05,248,1.24,33.61,43.99,3.57,0.8,mid,0.7,63.42000000000001,0.5,31.710000000000004,31.710000000000004,1.1,1.1822688858551718,12,7,0.8902317417625364,0.10976825823746361,0.0,0.0,20.630600877530632,0.0,0.0,0.1297755963686689,1.0,1.1,0.0,3.927,0.0,24.557600877530632,not yet
114,2005-09-06,249,1.22,35.32,38.27,3.95,0.8,mid,0.7,63.42000000000001,0.5,31.710000000000004,31.710000000000004,1.1,1.1971210482344512,12,7,0.872604407303328,0.127395592696672,0.0,0.0,24.557600877530632,0.0,0.0,0.15250794546948918,1.0,1.1,0.0,4.345000000000001,0.0,28.90260087753063,not yet
115,2005-09-07,250,1.14,32.37,41.94,3.45,0.8,late,0.7,63.42000000000001,0.5,31.710000000000004,31.710000000000004,1.1,1.185094025438187,12,7,0.8868319371715352,0.11316806282846481,0.0,0.0,28.90260087753063,0.0,0.0,0.13411479512842703,1.0,1.1,0.0,3.7950000000000004,0.0,32.69760087753063,not yet
116,2005-09-08,251,1.04,31.48,44.67,3.32,0.8,late,0.7,63.42000000000001,0.5,31.710000000000004,31.710000000000004,1.068,1.1750580533956665,12,7,0.8569034805435687,0.14309651945643131,0.0,20.6,32.69760087753063,0.0,0.0,0.1681467176001693,0.968855223035931,1.0347373782023743,0.0,3.4353280956318826,0.0,15.532928973162512,irrigate
117,2005-09-09,252,1.27,25.88,52.55,3.32,0.8,late,0.7,63.42000000000001,0.5,31.710000000000004,31.710000000000004,1.036,1.1600444544687862,12,7,0.8323970390258179,0.16760296097418215,0.0,0.0,15.532928973162512,0.0,0.0,0.1944268854306484,1.0,1.036,0.0,3.43952,0.0,18.972448973162514,not yet
118,2005-09-10,253,1.17,26.37,47.13,2.94,0.8,late,0.7,63.42000000000001,0.5,31.710000000000004,31.710000000000004,1.004,1.1719369468087166,12,7,0.777762998129875,0.22223700187012496,0.0,0.0,18.972448973162514,0.0,0.0,0.2604477534395973,1.0,1.004,0.0,2.95176,0.0,21.924208973162514,not yet
119,2005-09-11,254,1.25,28.48,43.83,2.94,0.8,late,0.7,63.42000000000001,0.5,31.710000000000004,31.710000000000004,0.9720000000000001,1.182968444228109,12,7,0.7262709413992332,0.2737290586007668,0.0,0.0,21.924208973162514,0.0,0.0,0.323812838592974,1.0,0.9720000000000001,0.0,2.85768,0.0,24.781888973162516,not yet
120,2005-09-12,255,1.08,31.61,40.58,3.19,0.8,late,0.7,63.42000000000001,0.5,31.710000000000004,31.710000000000004,0.9400000000000001,1.1871388883744645,12,7,0.6831345356231682,0.31686546437683183,0.0,0.0,24.781888973162516,0.0,0.0,0.37616331514457063,1.0,0.9400000000000001,0.0,2.9986,0.0,27.780488973162516,not yet
121,2005-09-13,256,1.52,25.87,44.79,3.32,0.8,late,0.7,63.42000000000001,0.5,31.710000000000004,31.710000000000004,0.908,1.1876501041085339,12,7,0.6442665451520861,0.35573345484791385,0.0,10.5,27.780488973162516,0.0,0.0,0.42248687468501334,1.0,0.908,0.0,3.01456,0.0,20.295048973162515,not yet
122,2005-09-14,257,1.49,18.19,64.61,1.92,0.8,late,0.7,63.42000000000001,0.5,31.710000000000004,31.710000000000004,0.8760000000000001,1.1335150484797112,12,7,0.6537592638583416,0.3462407361416584,5.1,0.0,20.295048973162515,0.0,0.0,0.3924690848132628,1.0,0.8760000000000001,0.0,1.68192,0.0,16.87696897316252,not yet
123,2005-09-15,258,2.1,21.0,47.32,2.94,0.8,late,0.7,63.42000000000001,0.5,31.710000000000004,31.710000000000004,0.8440000000000001,1.196448395952781,12,7,0.5627277281920205,0.43727227180797945,0.0,0.0,16.87696897316252,0.0,0.0,0.5231737081992854,1.0,0.8440000000000001,0.0,2.48136,0.0,19.358328973162518,not yet
124,2005-09-16,259,1.2,23.0,47.32,2.94,0.8,late,0.7,63.42000000000001,0.5,31.710000000000004,31.710000000000004,0.812,1.1722329138126515,12,7,0.5442912853470852,0.45570871465291485,0.0,0.0,19.358328973162518,0.0,0.0,0.5341967544274046,1.0,0.812,0.0,2.38728,0.0,21.74560897316252,not yet
125,2005-09-17,260,1.05,21.0,47.32,2.94,0.8,late,0.7,63.42000000000001,0.5,31.710000000000004,31.710000000000004,0.78,1.1681970001226298,12,7,0.5106369422367935,0.48936305776320654,0.0,0.0,21.74560897316252,0.0,0.0,0.5716724560498151,1.0,0.78,0.0,2.2932,0.0,24.038808973162517,not yet
126,2005-09-18,261,0.8,22.5,47.32,2.94,0.8,late,0.7,63.42000000000001,0.5,31.710000000000004,31.710000000000004,0.748,1.1614704773059272,12,7,0.47912315729742755,0.5208768427025725,0.0,0.0,24.038808973162517,0.0,0.0,0.6049830751113613,1.0,0.748,0.0,2.1991199999999997,0.0,26.237928973162518,not yet
127,2005-09-19,262,1.2,27.2,47.32,2.94,0.8,late,0.7,63.42000000000001,0.5,31.710000000000004,31.710000000000004,0.716,1.1722329138126515,12,7,0.43709234376324424,0.5629076562367558,0.0,0.0,26.237928973162518,0.0,0.0,0.6598588820778626,1.0,0.716,0.0,2.10504,0.0,28.342968973162517,not yet
128,2005-09-20,263,1.3,28.3,47.32,2.94,0.8,late,0.7,63.42000000000001,0.5,31.710000000000004,31.710000000000004,0.684,1.1749235229393324,12,7,0.4014114116963993,0.5985885883036006,0.0,10.8,28.342968973162517,0.0,0.0,0.7032958129609481,1.0,0.684,0.0,2.0109600000000003,0.0,19.553928973162517,not yet
129,2005-09-21,264,2.1,29.2,48.87,2.5,0.8,late,0.7,63.42000000000001,0.5,31.710000000000004,31.710000000000004,0.652,1.1922779518064253,12,7,0.3595905191952228,0.6404094808047772,0.0,0.0,19.553928973162517,0.0,0.0,0.763546104091336,1.0,0.652,0.0,1.6300000000000001,0.0,21.183928973162516,not yet
130,2005-09-22,265,0.79,22.05,50.42,2.47,0.8,late,0.7,63.42000000000001,0.5,31.710000000000004,31.710000000000004,0.6200000000000001,1.152860528100548,12,7,0.3460989229197271,0.6539010770802729,0.0,0.0,21.183928973162516,0.0,0.0,0.7538567410482805,1.0,0.6200000000000001,0.0,1.5314000000000003,0.0,22.715328973162517,not yet
131,2005-09-23,266,0.6,23.8,51.97,2.42,0.8,late,0.7,63.42000000000001,0.5,31.710000000000004,31.710000000000004,0.5880000000000001,1.1435779266134982,12,7,0.3176735426393287,0.6823264573606713,0.0,0.0,22.715328973162517,0.0,0.0,0.78029347538205,1.0,0.5880000000000001,0.0,1.4229600000000002,0.0,24.138288973162517,not yet
132,2005-09-24,267,1.31,24.6,53.52,2.35,0.8,late,0.7,63.42000000000001,0.5,31.710000000000004,31.710000000000004,0.556,1.1585108072665782,12,7,0.2797587429704139,0.7202412570295861,0.0,0.0,24.138288973162517,0.0,0.0,0.8344072801080408,1.0,0.556,0.0,1.3066000000000002,0.0,25.444888973162517,not yet
133,2005-09-25,268,1.6,26.1,55.07,2.27,0.8,late,0.7,63.42000000000001,0.5,31.710000000000004,31.710000000000004,0.524,1.1621431295875975,12,7,0.2481312932188946,0.7518687067811054,0.0,10.3,25.444888973162517,0.0,0.0,0.8737790519375735,1.0,0.524,0.0,1.18948,0.0,16.334368973162515,not yet
134,2005-09-26,269,1.2,25.0,56.62,2.23,0.8,late,0.7,63.42000000000001,0.5,31.710000000000004,31.710000000000004,0.492,1.1472102489345177,12,7,0.2235296415931481,0.776470358406852,0.0,0.0,16.334368973162515,0.0,0.0,0.8907747531581989,1.0,0.492,0.0,1.09716,0.0,17.431528973162514,not yet
135,2005-09-27,270,1.65,29.2,58.17,2.16,0.8,late,0.7,63.42000000000001,0.5,31.710000000000004,31.710000000000004,0.4600000000000001,1.1551475458582268,12,7,0.19265692671224569,0.8073430732877543,0.0,0.0,17.431528973162514,0.0,0.0,0.932600369773988,1.0,0.4600000000000001,0.0,0.9936000000000003,0.0,18.425128973162515,not yet
136,2005-09-28,271,1.89,26.3,59.72,2.11,0.8,late,0.7,63.42000000000001,0.5,31.710000000000004,31.710000000000004,0.42800000000000005,1.1574345636159056,12,7,0.16487664013286124,0.8351233598671388,0.0,0.0,18.425128973162515,0.0,0.0,0.9666006415932706,1.0,0.42800000000000005,0.0,0.90308,0.0,19.328208973162514,not yet
137,2005-09-29,272,2.3,25.0,61.27,2.11,0.8,late,0.7,63.42000000000001,0.5,31.710000000000004,31.710000000000004,0.396,1.1642956168889422,12,7,0.1376191216616192,0.8623808783383808,0.0,0.0,19.328208973162514,0.0,0.0,1.004066276738213,1.0,0.396,0.0,0.83556,0.0,20.163768973162515,not yet
138,2005-09-30,273,3.2,24.6,62.82,2.07,0.8,late,0.7,63.42000000000001,0.5,31.710000000000004,31.710000000000004,0.364,1.1843406548827162,12,7,0.11016667695662238,0.8898333230433776,0.0,0.0,20.163768973162515,0.0,0.0,1.0538657805496574,1.0,0.364,0.0,0.7534799999999999,0.0,20.917248973162515,not yet
139,2005-10-01,274,1.2,25.0,64.37,2.05,0.8,late,0.7,63.42000000000001,0.5,31.710000000000004,31.710000000000004,0.33199999999999996,1.1263580282027394,12,7,0.09520224743598042,0.9047977525640196,0.0,0.0,20.917248973162515,0.0,0.0,1.0191262125002793,1.0,0.33199999999999996,0.0,0.6805999999999999,0.0,21.597848973162513,not yet
140,2005-10-02,275,2.1,24.9,63.1,1.99,0.8,late,0.7,63.42000000000001,0.5,31.710000000000004,31.710000000000004,0.30000000000000004,1.1539905839337539,12,7,0.0698403274712829,0.9301596725287171,0.0,0.0,21.597848973162513,0.0,0.0,1.0733955036530436,1.0,0.30000000000000004,0.0,0.5970000000000001,0.0,22.194848973162514,not yet
